<TICKER>;<PER>;<DATE>;<TIME>;<OPEN>;<HIGH>;<LOW>;<CLOSE>;<VOL>
NLMK;60;01.12.2022;110000;106.4000000;107.0000000;106.1400000;106.5800000;313490
NLMK;60;01.12.2022;120000;106.5600000;106.7000000;106.4400000;106.5800000;106820
NLMK;60;01.12.2022;130000;106.5800000;106.9000000;106.4200000;106.4200000;204940
NLMK;60;01.12.2022;140000;106.4200000;106.8400000;106.2800000;106.5400000;186680
NLMK;60;01.12.2022;150000;106.5600000;106.9000000;106.5000000;106.7400000;103340
NLMK;60;01.12.2022;160000;106.7400000;106.9000000;106.4200000;106.7000000;251130
NLMK;60;01.12.2022;170000;106.7000000;106.9000000;106.6800000;106.8200000;249810
NLMK;60;01.12.2022;180000;106.8200000;106.8800000;106.4000000;106.5000000;186990
NLMK;60;01.12.2022;190000;106.5000000;106.5000000;106.2800000;106.4000000;108700
NLMK;60;01.12.2022;200000;106.2400000;106.4600000;106.0200000;106.3000000;150860
NLMK;60;01.12.2022;210000;106.3000000;106.4200000;106.1600000;106.3200000;32230
NLMK;60;01.12.2022;220000;106.3800000;106.5000000;106.2800000;106.5000000;62090
NLMK;60;01.12.2022;230000;106.5000000;106.8000000;106.4600000;106.6000000;53480
NLMK;60;02.12.2022;0;106.6000000;106.7600000;106.3000000;106.6200000;34450
NLMK;60;02.12.2022;110000;106.5800000;106.6000000;106.0400000;106.2400000;165580
NLMK;60;02.12.2022;120000;106.2000000;106.2400000;105.6200000;105.9000000;269600
NLMK;60;02.12.2022;130000;105.8600000;105.9000000;105.5200000;105.6000000;152030
NLMK;60;02.12.2022;140000;105.6000000;105.6200000;105.0000000;105.0200000;633500
NLMK;60;02.12.2022;150000;105.0200000;105.3600000;104.9000000;105.2000000;284540
NLMK;60;02.12.2022;160000;105.2400000;105.4800000;105.1600000;105.4600000;117180
NLMK;60;02.12.2022;170000;105.4400000;105.4800000;104.9400000;105.0800000;247050
NLMK;60;02.12.2022;180000;105.0600000;105.3000000;104.9200000;105.1400000;212310
NLMK;60;02.12.2022;190000;105.1800000;105.6000000;105.1000000;105.6000000;146090
NLMK;60;02.12.2022;200000;105.3600000;105.9000000;105.3200000;105.5200000;55920
NLMK;60;02.12.2022;210000;105.5200000;105.7200000;105.4200000;105.5200000;34500
NLMK;60;02.12.2022;220000;105.5200000;105.6200000;105.4600000;105.5000000;14940
NLMK;60;02.12.2022;230000;105.5400000;105.6400000;105.4000000;105.4800000;53770
NLMK;60;03.12.2022;0;105.4200000;105.6000000;105.3600000;105.4400000;41290
NLMK;60;05.12.2022;110000;105.4400000;106.6000000;104.7200000;106.0200000;655350
NLMK;60;05.12.2022;120000;106.0200000;106.0600000;105.4800000;105.5000000;215360
NLMK;60;05.12.2022;130000;105.5000000;105.9000000;105.0600000;105.1800000;202730
NLMK;60;05.12.2022;140000;105.1600000;106.5200000;105.1200000;106.2800000;626030
NLMK;60;05.12.2022;150000;106.3000000;106.4600000;105.6200000;105.9200000;242420
NLMK;60;05.12.2022;160000;105.9000000;105.9400000;105.4000000;105.8400000;156860
NLMK;60;05.12.2022;170000;105.8400000;105.9000000;105.5800000;105.7200000;135420
NLMK;60;05.12.2022;180000;105.7200000;106.0000000;105.7200000;105.9000000;107810
NLMK;60;05.12.2022;190000;105.9000000;106.0000000;105.7000000;105.9000000;106810
NLMK;60;05.12.2022;200000;106.1600000;106.1800000;105.6600000;105.8400000;59230
NLMK;60;05.12.2022;210000;105.8400000;105.9200000;105.7000000;105.7200000;15440
NLMK;60;05.12.2022;220000;105.7200000;105.8600000;105.7000000;105.7800000;18650
NLMK;60;05.12.2022;230000;105.7800000;105.7800000;105.5800000;105.7800000;37960
NLMK;60;06.12.2022;0;105.8000000;105.8000000;105.5600000;105.7000000;30540
NLMK;60;06.12.2022;110000;105.9200000;106.1000000;105.3800000;105.5400000;177280
NLMK;60;06.12.2022;120000;105.5400000;105.9800000;105.4400000;105.6800000;81210
NLMK;60;06.12.2022;130000;105.6800000;105.7800000;105.6000000;105.7000000;42120
NLMK;60;06.12.2022;140000;105.7200000;105.8400000;105.4400000;105.4800000;148330
NLMK;60;06.12.2022;150000;105.4600000;106.0000000;105.3000000;105.6800000;537990
NLMK;60;06.12.2022;160000;105.6800000;105.8000000;105.3600000;105.4800000;294870
NLMK;60;06.12.2022;170000;105.5000000;105.6600000;105.4200000;105.5600000;104310
NLMK;60;06.12.2022;180000;105.5400000;106.5000000;105.4600000;106.2600000;514350
NLMK;60;06.12.2022;190000;106.2600000;107.0000000;106.2000000;107.0000000;686130
NLMK;60;06.12.2022;200000;106.9000000;106.9800000;106.6000000;106.7000000;257100
NLMK;60;06.12.2022;210000;106.7000000;106.7200000;106.2800000;106.4800000;141640
NLMK;60;06.12.2022;220000;106.4800000;106.5800000;105.8200000;106.1400000;180190
NLMK;60;06.12.2022;230000;106.1200000;106.3200000;105.9800000;106.2000000;61560
NLMK;60;07.12.2022;0;106.2200000;106.8000000;106.2000000;106.5600000;93080
NLMK;60;07.12.2022;110000;106.4000000;106.9400000;105.5000000;105.9000000;598590
NLMK;60;07.12.2022;120000;105.9000000;106.0800000;105.7400000;105.8200000;194320
NLMK;60;07.12.2022;130000;105.9000000;106.0000000;105.1000000;105.6600000;567400
NLMK;60;07.12.2022;140000;105.6600000;105.9800000;105.1800000;105.6200000;246380
NLMK;60;07.12.2022;150000;105.6000000;105.6000000;104.9800000;105.3000000;322430
NLMK;60;07.12.2022;160000;105.3000000;105.5600000;105.0000000;105.4800000;160890
NLMK;60;07.12.2022;170000;105.4400000;105.7600000;105.2000000;105.5000000;170610
NLMK;60;07.12.2022;180000;105.5400000;105.8800000;105.4800000;105.5600000;241730
NLMK;60;07.12.2022;190000;105.5600000;106.3000000;105.5600000;106.0000000;291750
NLMK;60;07.12.2022;200000;106.2000000;106.2000000;105.5800000;105.8000000;44620
NLMK;60;07.12.2022;210000;105.7400000;105.9400000;105.6000000;105.8200000;22710
NLMK;60;07.12.2022;220000;105.8200000;106.0000000;105.7200000;105.8000000;19210
NLMK;60;07.12.2022;230000;105.8000000;105.9000000;105.7200000;105.8400000;30980
NLMK;60;08.12.2022;0;105.8400000;105.8800000;105.7400000;105.8000000;37420
NLMK;60;08.12.2022;110000;105.9000000;106.4000000;105.4200000;105.8000000;433090
NLMK;60;08.12.2022;120000;105.8000000;106.0000000;105.3600000;105.6000000;345300
NLMK;60;08.12.2022;130000;105.6400000;105.9000000;105.4000000;105.7000000;291030
NLMK;60;08.12.2022;140000;105.7400000;106.5000000;105.7000000;106.2400000;465980
NLMK;60;08.12.2022;150000;106.2000000;106.6200000;106.2000000;106.5200000;422890
NLMK;60;08.12.2022;160000;106.5200000;106.8000000;105.9200000;106.0000000;631190
NLMK;60;08.12.2022;170000;106.0000000;106.6000000;105.9800000;106.6000000;326190
NLMK;60;08.12.2022;180000;106.6000000;106.8200000;106.4600000;106.7800000;451520
NLMK;60;08.12.2022;190000;106.7800000;106.9000000;106.5600000;106.7000000;452260
NLMK;60;08.12.2022;200000;106.9200000;106.9600000;106.3800000;106.5600000;187900
NLMK;60;08.12.2022;210000;106.6400000;107.0800000;106.5400000;107.0800000;244870
NLMK;60;08.12.2022;220000;107.0800000;107.7600000;106.8000000;107.3400000;433730
NLMK;60;08.12.2022;230000;107.2800000;107.5400000;106.6600000;107.0000000;232920
NLMK;60;09.12.2022;0;106.9800000;107.9800000;106.9800000;107.8000000;430590
NLMK;60;09.12.2022;110000;107.8600000;108.9600000;107.7000000;108.4000000;1114110
NLMK;60;09.12.2022;120000;108.3800000;108.4600000;107.4000000;107.5000000;522470
NLMK;60;09.12.2022;130000;107.5000000;107.9400000;106.8000000;107.7400000;835390
NLMK;60;09.12.2022;140000;107.7400000;107.7600000;107.4000000;107.6800000;102650
NLMK;60;09.12.2022;150000;107.6400000;107.6600000;107.0200000;107.1000000;153720
NLMK;60;09.12.2022;160000;107.1000000;107.1800000;106.5400000;106.7200000;663760
NLMK;60;09.12.2022;170000;106.7600000;107.0600000;106.6600000;106.8600000;163050
NLMK;60;09.12.2022;180000;106.9000000;106.9200000;105.5000000;105.9400000;1046560
NLMK;60;09.12.2022;190000;105.9200000;106.6200000;105.4000000;106.6200000;540700
NLMK;60;09.12.2022;200000;106.6000000;106.6200000;106.2000000;106.2600000;77210
NLMK;60;09.12.2022;210000;106.2600000;106.3600000;106.2000000;106.3400000;52720
NLMK;60;09.12.2022;220000;106.3200000;106.4200000;106.2000000;106.2600000;21190
NLMK;60;09.12.2022;230000;106.2400000;106.5000000;106.2400000;106.5000000;31540
NLMK;60;10.12.2022;0;106.4400000;106.5600000;106.2800000;106.4400000;31390
NLMK;60;12.12.2022;110000;107.3400000;107.9400000;107.0400000;107.4200000;1242830
NLMK;60;12.12.2022;120000;107.4200000;107.4400000;106.6400000;106.8200000;411660
NLMK;60;12.12.2022;130000;106.8200000;106.8400000;106.3000000;106.7000000;392180
NLMK;60;12.12.2022;140000;106.7000000;107.0000000;106.6200000;106.9800000;279550
NLMK;60;12.12.2022;150000;106.9800000;107.0000000;106.4000000;106.7000000;250900
NLMK;60;12.12.2022;160000;106.7000000;106.7000000;106.3000000;106.5600000;258230
NLMK;60;12.12.2022;170000;106.5600000;106.5600000;106.3800000;106.5000000;319170
NLMK;60;12.12.2022;180000;106.4800000;106.8800000;106.4200000;106.8400000;417380
NLMK;60;12.12.2022;190000;106.8000000;107.0000000;106.7000000;106.8600000;210910
NLMK;60;12.12.2022;200000;106.9000000;106.9000000;106.4600000;106.7400000;80910
NLMK;60;12.12.2022;210000;106.7400000;106.9800000;106.7200000;106.9400000;81570
NLMK;60;12.12.2022;220000;106.9400000;106.9400000;106.7000000;106.7600000;37840
NLMK;60;12.12.2022;230000;106.7400000;106.9200000;106.7400000;106.8200000;27540
NLMK;60;13.12.2022;0;106.8000000;107.2600000;106.7400000;107.1400000;86530
NLMK;60;13.12.2022;110000;107.4000000;107.8800000;107.0800000;107.4200000;549710
NLMK;60;13.12.2022;120000;107.4200000;107.5000000;107.3800000;107.5000000;296880
NLMK;60;13.12.2022;130000;107.5000000;108.4000000;107.4800000;107.6000000;718150
NLMK;60;13.12.2022;140000;107.6200000;107.7600000;106.3000000;106.6400000;597510
NLMK;60;13.12.2022;150000;106.6400000;106.8400000;106.5200000;106.6800000;327920
NLMK;60;13.12.2022;160000;106.6800000;106.9000000;106.0600000;106.6600000;499940
NLMK;60;13.12.2022;170000;106.6600000;107.4400000;106.4600000;107.2600000;292160
NLMK;60;13.12.2022;180000;107.2400000;107.4600000;107.1000000;107.1400000;283780
NLMK;60;13.12.2022;190000;107.1400000;108.0000000;107.1400000;108.0000000;632540
NLMK;60;13.12.2022;200000;107.9400000;108.0000000;107.2000000;107.4000000;150690
NLMK;60;13.12.2022;210000;107.4000000;107.5800000;107.2600000;107.3000000;83440
NLMK;60;13.12.2022;220000;107.3800000;107.6000000;107.3400000;107.5000000;24890
NLMK;60;13.12.2022;230000;107.4800000;107.4800000;107.1200000;107.3600000;41530
NLMK;60;14.12.2022;0;107.4000000;107.4200000;107.2600000;107.3800000;24520
NLMK;60;14.12.2022;110000;107.5600000;107.5800000;106.7800000;106.9200000;195390
NLMK;60;14.12.2022;120000;106.9600000;107.2000000;106.8600000;107.1600000;301470
NLMK;60;14.12.2022;130000;107.1600000;108.1800000;107.1400000;108.0800000;689910
NLMK;60;14.12.2022;140000;108.0800000;108.3000000;108.0000000;108.2600000;362960
NLMK;60;14.12.2022;150000;108.2800000;108.9600000;108.2000000;108.8200000;1126340
NLMK;60;14.12.2022;160000;108.8400000;109.4800000;108.8000000;109.2800000;706440
NLMK;60;14.12.2022;170000;109.2800000;109.2800000;109.1200000;109.2200000;348300
NLMK;60;14.12.2022;180000;109.2200000;109.8200000;109.1600000;109.6800000;699790
NLMK;60;14.12.2022;190000;109.6600000;109.8000000;109.2600000;109.4000000;266700
NLMK;60;14.12.2022;200000;109.4600000;109.4600000;109.0000000;109.0200000;148410
NLMK;60;14.12.2022;210000;109.0400000;109.1000000;108.7600000;108.9200000;106540
NLMK;60;14.12.2022;220000;108.9400000;109.2600000;108.8800000;109.1400000;39190
NLMK;60;14.12.2022;230000;109.1400000;109.1600000;108.7600000;108.8400000;115210
NLMK;60;15.12.2022;0;108.8400000;109.1200000;108.8000000;108.8400000;58030
NLMK;60;15.12.2022;110000;108.8200000;109.5800000;107.5000000;107.8400000;1051910
NLMK;60;15.12.2022;120000;107.8600000;108.7400000;107.7800000;108.1800000;724520
NLMK;60;15.12.2022;130000;108.1600000;108.8800000;108.1400000;108.3200000;247490
NLMK;60;15.12.2022;140000;108.3000000;108.9800000;108.1400000;108.8200000;235790
NLMK;60;15.12.2022;150000;108.8400000;109.4000000;108.7800000;109.2200000;279880
NLMK;60;15.12.2022;160000;109.2200000;109.2200000;107.2600000;107.5800000;856720
NLMK;60;15.12.2022;170000;107.6000000;107.9000000;107.1200000;107.8800000;651550
NLMK;60;15.12.2022;180000;107.8800000;108.0600000;107.7000000;107.9400000;239290
NLMK;60;15.12.2022;190000;107.9400000;108.0400000;107.5200000;107.5200000;172140
NLMK;60;15.12.2022;200000;107.8200000;107.9800000;107.6000000;107.7000000;31790
NLMK;60;15.12.2022;210000;107.7200000;108.0000000;107.6000000;107.6200000;51870
NLMK;60;15.12.2022;220000;107.6200000;107.7600000;107.5800000;107.6200000;23400
NLMK;60;15.12.2022;230000;107.6200000;107.7400000;107.6000000;107.7400000;26760
NLMK;60;16.12.2022;0;107.7200000;107.8600000;107.1000000;107.1000000;84000
NLMK;60;16.12.2022;110000;107.0400000;107.7200000;106.7600000;107.5600000;260170
NLMK;60;16.12.2022;120000;107.5600000;108.2200000;107.3200000;107.5400000;337940
NLMK;60;16.12.2022;130000;107.5400000;107.9200000;107.5200000;107.8400000;114250
NLMK;60;16.12.2022;140000;107.8800000;108.0200000;107.3000000;107.6400000;230620
NLMK;60;16.12.2022;150000;107.6200000;108.0000000;107.4000000;107.7200000;115210
NLMK;60;16.12.2022;160000;107.7200000;108.6200000;107.5400000;108.5000000;248570
NLMK;60;16.12.2022;170000;108.5000000;108.8600000;108.3400000;108.6600000;166120
NLMK;60;16.12.2022;180000;108.6600000;108.9600000;108.3200000;108.7800000;169230
NLMK;60;16.12.2022;190000;108.7800000;108.8000000;108.0000000;108.0000000;212120
NLMK;60;16.12.2022;200000;107.8800000;108.2000000;107.6000000;107.8600000;48030
NLMK;60;16.12.2022;210000;107.8800000;107.9800000;107.5400000;107.7200000;41120
NLMK;60;16.12.2022;220000;107.7400000;107.9000000;107.5400000;107.8000000;20160
NLMK;60;16.12.2022;230000;107.8400000;108.4000000;107.7800000;108.0800000;58060
NLMK;60;17.12.2022;0;108.0200000;108.3600000;108.0000000;108.3600000;39700
NLMK;60;19.12.2022;110000;108.3600000;108.7800000;107.6800000;108.0200000;272610
NLMK;60;19.12.2022;120000;108.0200000;109.7000000;108.0000000;109.0400000;732560
NLMK;60;19.12.2022;130000;109.0600000;109.6800000;109.0400000;109.6000000;424350
NLMK;60;19.12.2022;140000;109.6200000;109.7000000;109.2400000;109.2600000;321000
NLMK;60;19.12.2022;150000;109.2600000;109.5800000;109.0400000;109.4000000;239660
NLMK;60;19.12.2022;160000;109.4000000;110.3200000;109.3800000;110.3200000;933730
NLMK;60;19.12.2022;170000;110.3200000;111.6200000;110.3000000;111.2200000;1045190
NLMK;60;19.12.2022;180000;111.2200000;111.9600000;111.2000000;111.8200000;573500
NLMK;60;19.12.2022;190000;111.8000000;112.2000000;111.3000000;111.3000000;648630
NLMK;60;19.12.2022;200000;111.4600000;111.7200000;110.7200000;110.9000000;292020
NLMK;60;19.12.2022;210000;110.9000000;111.3200000;110.8000000;111.1400000;111290
NLMK;60;19.12.2022;220000;111.1400000;111.1800000;110.8000000;111.0000000;106890
NLMK;60;19.12.2022;230000;111.0200000;111.0200000;110.6800000;110.8600000;120630
NLMK;60;20.12.2022;0;110.8400000;111.7000000;110.8400000;111.3400000;197750
NLMK;60;20.12.2022;110000;111.3600000;113.9000000;111.1200000;113.6200000;1457690
NLMK;60;20.12.2022;120000;113.6200000;115.4200000;113.5800000;114.9800000;1651440
NLMK;60;20.12.2022;130000;115.0000000;115.7000000;114.8000000;114.9000000;860890
NLMK;60;20.12.2022;140000;114.9000000;115.4800000;113.7400000;114.0600000;716170
NLMK;60;20.12.2022;150000;114.0600000;114.8200000;114.0200000;114.5000000;304480
NLMK;60;20.12.2022;160000;114.5600000;114.6000000;112.5600000;112.8400000;833730
NLMK;60;20.12.2022;170000;112.8000000;114.5000000;112.5600000;114.0600000;879690
NLMK;60;20.12.2022;180000;114.0600000;114.0600000;113.3200000;113.4400000;338370
NLMK;60;20.12.2022;190000;113.4400000;114.4000000;113.4000000;114.2000000;519810
NLMK;60;20.12.2022;200000;114.7000000;114.7000000;113.9400000;114.2400000;232330
NLMK;60;20.12.2022;210000;114.2800000;114.7200000;114.1400000;114.2800000;107840
NLMK;60;20.12.2022;220000;114.3000000;114.4000000;114.1000000;114.2800000;110150
NLMK;60;20.12.2022;230000;114.2800000;114.6000000;114.2000000;114.5200000;53410
NLMK;60;21.12.2022;0;114.5200000;114.6000000;114.3400000;114.4600000;125220
NLMK;60;21.12.2022;110000;115.0000000;117.0000000;114.1800000;114.5600000;1727570
NLMK;60;21.12.2022;120000;114.5600000;115.2000000;114.1400000;115.0000000;1194170
NLMK;60;21.12.2022;130000;114.9800000;116.0000000;114.9400000;115.9200000;722590
NLMK;60;21.12.2022;140000;115.8400000;116.0000000;114.6800000;115.1200000;372550
NLMK;60;21.12.2022;150000;115.1800000;115.3400000;114.9000000;115.1800000;164570
NLMK;60;21.12.2022;160000;115.1800000;115.2400000;114.1000000;114.1200000;537800
NLMK;60;21.12.2022;170000;114.1200000;114.5400000;113.5600000;113.6000000;674350
NLMK;60;21.12.2022;180000;113.6600000;114.1200000;112.8000000;113.5400000;657690
NLMK;60;21.12.2022;190000;113.5400000;113.9400000;113.4000000;113.9400000;158480
NLMK;60;21.12.2022;200000;113.9200000;114.3000000;113.7400000;114.0800000;121520
NLMK;60;21.12.2022;210000;114.0800000;114.4000000;114.0000000;114.2600000;57710
NLMK;60;21.12.2022;220000;114.2600000;114.5000000;114.1400000;114.4600000;50370
NLMK;60;21.12.2022;230000;114.4600000;114.5000000;114.0800000;114.3200000;134610
NLMK;60;22.12.2022;0;114.3200000;114.9400000;114.3000000;114.6400000;84030
NLMK;60;22.12.2022;110000;115.1200000;115.9000000;114.2000000;115.8200000;659980
NLMK;60;22.12.2022;120000;115.8400000;115.8600000;115.3000000;115.6400000;763780
NLMK;60;22.12.2022;130000;115.7400000;115.9400000;115.0400000;115.0800000;317740
NLMK;60;22.12.2022;140000;115.0600000;115.3000000;114.7000000;114.9000000;310720
NLMK;60;22.12.2022;150000;114.8800000;114.9000000;113.5600000;114.2800000;423300
NLMK;60;22.12.2022;160000;114.2800000;114.4200000;113.8000000;114.0400000;251340
NLMK;60;22.12.2022;170000;114.0400000;114.1600000;113.5000000;113.6600000;391240
NLMK;60;22.12.2022;180000;113.6400000;113.7000000;112.9400000;113.5600000;577770
NLMK;60;22.12.2022;190000;113.5600000;114.3400000;113.3200000;114.3400000;473600
NLMK;60;22.12.2022;200000;114.1000000;114.2800000;113.9800000;114.0200000;125560
NLMK;60;22.12.2022;210000;114.0200000;114.1000000;113.6000000;113.6800000;69330
NLMK;60;22.12.2022;220000;113.6800000;114.1600000;113.4200000;113.8000000;65020
NLMK;60;22.12.2022;230000;113.8200000;114.1600000;113.6600000;113.9800000;71910
NLMK;60;23.12.2022;0;113.9800000;114.2000000;113.7600000;113.7600000;35850
NLMK;60;23.12.2022;110000;113.7800000;113.8000000;112.5400000;113.0600000;488740
NLMK;60;23.12.2022;120000;113.0600000;113.2600000;112.5000000;113.0200000;260990
NLMK;60;23.12.2022;130000;113.0600000;113.2600000;112.6800000;112.9400000;177180
NLMK;60;23.12.2022;140000;112.9400000;113.2600000;112.8400000;113.0400000;222160
NLMK;60;23.12.2022;150000;113.0600000;113.2600000;113.0000000;113.2000000;145370
NLMK;60;23.12.2022;160000;113.2200000;114.0000000;113.1200000;113.9800000;310610
NLMK;60;23.12.2022;170000;113.9400000;114.3400000;113.9200000;114.0400000;262550
NLMK;60;23.12.2022;180000;114.0600000;115.4800000;114.0400000;114.6600000;633300
NLMK;60;23.12.2022;190000;114.7200000;114.7800000;114.0400000;114.0400000;280470
NLMK;60;23.12.2022;200000;114.1400000;114.4000000;114.0800000;114.2200000;98120
NLMK;60;23.12.2022;210000;114.2400000;114.5000000;114.2000000;114.3200000;34440
NLMK;60;23.12.2022;220000;114.4200000;114.4800000;114.2800000;114.3200000;18610
NLMK;60;23.12.2022;230000;114.3600000;114.5000000;114.1000000;114.5000000;38690
NLMK;60;24.12.2022;0;114.5000000;114.9000000;114.4800000;114.6200000;71470
NLMK;60;26.12.2022;110000;114.6000000;115.4000000;114.3000000;114.6000000;282150
NLMK;60;26.12.2022;120000;114.6000000;114.9200000;114.6000000;114.8800000;135480
NLMK;60;26.12.2022;130000;114.8600000;114.9800000;114.5400000;114.9600000;222440
NLMK;60;26.12.2022;140000;114.9800000;115.1600000;114.8200000;114.9600000;185620
NLMK;60;26.12.2022;150000;114.9800000;115.5200000;114.9000000;115.1800000;196690
NLMK;60;26.12.2022;160000;115.1400000;115.5000000;115.0800000;115.2800000;256130
NLMK;60;26.12.2022;170000;115.3000000;115.4000000;115.0800000;115.1200000;159530
NLMK;60;26.12.2022;180000;115.1200000;115.2600000;114.8000000;114.9600000;387620
NLMK;60;26.12.2022;190000;114.8200000;115.4600000;114.8000000;115.4600000;379660
NLMK;60;26.12.2022;200000;115.1800000;115.3200000;115.1200000;115.1600000;28300
NLMK;60;26.12.2022;210000;115.2000000;115.2800000;115.1600000;115.1800000;14930
NLMK;60;26.12.2022;220000;115.1800000;115.2000000;115.0400000;115.1200000;32240
NLMK;60;26.12.2022;230000;115.1800000;115.2800000;115.1000000;115.2600000;13390
NLMK;60;27.12.2022;0;115.2400000;115.4000000;115.2400000;115.3000000;53760
NLMK;60;27.12.2022;110000;115.4200000;115.9000000;114.9200000;115.5000000;495620
NLMK;60;27.12.2022;120000;115.5000000;115.5200000;113.7800000;114.5000000;722140
NLMK;60;27.12.2022;130000;114.5000000;114.6600000;114.2400000;114.3200000;400020
NLMK;60;27.12.2022;140000;114.3200000;114.6000000;114.2600000;114.3400000;305390
NLMK;60;27.12.2022;150000;114.3000000;114.7000000;114.3000000;114.5000000;137640
NLMK;60;27.12.2022;160000;114.5200000;115.6200000;114.4400000;115.6000000;469770
NLMK;60;27.12.2022;170000;115.6000000;115.8000000;115.3600000;115.4000000;307770
NLMK;60;27.12.2022;180000;115.4600000;115.7600000;115.3000000;115.5000000;252690
NLMK;60;27.12.2022;190000;115.5000000;115.6600000;115.3600000;115.6600000;170910
NLMK;60;27.12.2022;200000;115.6400000;115.9000000;115.3400000;115.7000000;74830
NLMK;60;27.12.2022;210000;115.7000000;115.9000000;115.6400000;115.7200000;45680
NLMK;60;27.12.2022;220000;115.7200000;115.7800000;115.6400000;115.6400000;21740
NLMK;60;27.12.2022;230000;115.6400000;115.8000000;115.5800000;115.6800000;70790
NLMK;60;28.12.2022;0;115.7000000;115.9800000;115.4800000;115.9400000;124460
NLMK;60;28.12.2022;110000;116.0200000;116.6000000;115.0000000;116.1200000;674650
NLMK;60;28.12.2022;120000;116.1200000;116.3000000;115.8400000;115.9600000;179640
NLMK;60;28.12.2022;130000;115.9600000;116.2000000;115.9200000;116.1200000;124460
NLMK;60;28.12.2022;140000;116.1600000;116.2800000;115.3000000;115.8200000;413300
NLMK;60;28.12.2022;150000;115.8000000;116.1600000;115.6000000;115.9600000;208690
NLMK;60;28.12.2022;160000;116.0400000;116.3000000;115.9000000;116.0200000;177540
NLMK;60;28.12.2022;170000;116.0000000;116.0800000;115.5200000;115.7200000;215630
NLMK;60;28.12.2022;180000;115.7200000;115.8200000;114.8000000;115.6400000;482090
NLMK;60;28.12.2022;190000;115.6000000;116.1800000;115.3000000;115.8200000;377310
NLMK;60;28.12.2022;200000;115.3400000;115.9400000;115.1800000;115.4600000;90050
NLMK;60;28.12.2022;210000;115.4800000;115.6800000;115.3600000;115.6600000;31890
NLMK;60;28.12.2022;220000;115.6000000;115.7800000;115.5600000;115.5600000;36420
NLMK;60;28.12.2022;230000;115.6000000;115.8400000;115.5000000;115.8200000;77070
NLMK;60;29.12.2022;0;115.8200000;115.8200000;115.5200000;115.5600000;32090
NLMK;60;29.12.2022;110000;115.2000000;115.8800000;115.1600000;115.6600000;165520
NLMK;60;29.12.2022;120000;115.6600000;115.9600000;115.4000000;115.4000000;123040
NLMK;60;29.12.2022;130000;115.5000000;115.5000000;115.2400000;115.3000000;121750
NLMK;60;29.12.2022;140000;115.3400000;115.4200000;115.0200000;115.3000000;153970
NLMK;60;29.12.2022;150000;115.3600000;115.4200000;115.2600000;115.4000000;92670
NLMK;60;29.12.2022;160000;115.4000000;115.4200000;115.0800000;115.3400000;152240
NLMK;60;29.12.2022;170000;115.3400000;115.4200000;115.3000000;115.4200000;89550
NLMK;60;29.12.2022;180000;115.4200000;115.4200000;114.5000000;115.2400000;340140
NLMK;60;29.12.2022;190000;115.2400000;115.4000000;115.1600000;115.4000000;101390
NLMK;60;29.12.2022;200000;115.3800000;115.5000000;115.2000000;115.4400000;37020
NLMK;60;29.12.2022;210000;115.4400000;115.8000000;115.3600000;115.6800000;73300
NLMK;60;29.12.2022;220000;115.6600000;115.7800000;115.6000000;115.7000000;18200
NLMK;60;29.12.2022;230000;115.7000000;115.7800000;115.4400000;115.5800000;61830
NLMK;60;30.12.2022;0;115.6800000;115.7000000;115.2400000;115.2400000;15410
NLMK;60;30.12.2022;110000;115.6000000;117.9000000;115.2400000;116.4200000;1175440
NLMK;60;30.12.2022;120000;116.5200000;116.6600000;115.8400000;116.4600000;372900
NLMK;60;30.12.2022;130000;116.4400000;116.6000000;116.3000000;116.5000000;206380
NLMK;60;30.12.2022;140000;116.5000000;116.9200000;116.2200000;116.8400000;325520
NLMK;60;30.12.2022;150000;116.8800000;117.3800000;116.7000000;117.0600000;757820
NLMK;60;30.12.2022;160000;117.0400000;117.2800000;116.8000000;117.1200000;188400
NLMK;60;30.12.2022;170000;117.1600000;117.2400000;116.9600000;117.1600000;138760
NLMK;60;30.12.2022;180000;117.1000000;117.4000000;117.0200000;117.1800000;145610
NLMK;60;30.12.2022;190000;117.1800000;117.6200000;117.1400000;117.6000000;324760
NLMK;60;30.12.2022;200000;117.4000000;117.7200000;117.4000000;117.6400000;93940
NLMK;60;30.12.2022;210000;117.6400000;117.7200000;117.5600000;117.6600000;44060
NLMK;60;30.12.2022;220000;117.6400000;117.7200000;117.3600000;117.7200000;97440
NLMK;60;30.12.2022;230000;117.7200000;117.8000000;117.5600000;117.7000000;88080
NLMK;60;31.12.2022;0;117.7400000;118.3200000;117.0000000;117.7600000;249640
NLMK;60;03.01.2023;110000;113.1400000;115.0000000;112.7000000;114.8200000;2306790
NLMK;60;03.01.2023;120000;114.8200000;115.2000000;114.2600000;114.3000000;822000
NLMK;60;03.01.2023;130000;114.2800000;114.4200000;114.0000000;114.2200000;483300
NLMK;60;03.01.2023;140000;114.2000000;114.8400000;114.2000000;114.6400000;306250
NLMK;60;03.01.2023;150000;114.6400000;114.8000000;114.4000000;114.5000000;233120
NLMK;60;03.01.2023;160000;114.5000000;114.6600000;114.2800000;114.3200000;285370
NLMK;60;03.01.2023;170000;114.3800000;114.4200000;114.1000000;114.1200000;431670
NLMK;60;03.01.2023;180000;114.1200000;114.3000000;114.0000000;114.2200000;578240
NLMK;60;03.01.2023;190000;114.2800000;114.5000000;114.0000000;114.5000000;374520
NLMK;60;03.01.2023;200000;114.2400000;114.4800000;114.1800000;114.2800000;136140
NLMK;60;03.01.2023;210000;114.2600000;114.4000000;114.2600000;114.3200000;57770
NLMK;60;03.01.2023;220000;114.3200000;114.4800000;114.2800000;114.2800000;93140
NLMK;60;03.01.2023;230000;114.3000000;114.4600000;114.0000000;114.3400000;172020
NLMK;60;04.01.2023;0;114.3400000;114.4600000;114.0000000;114.3600000;149050
NLMK;60;04.01.2023;110000;114.6000000;114.6200000;114.0200000;114.1400000;281950
NLMK;60;04.01.2023;120000;114.1200000;114.2400000;114.0800000;114.1200000;98120
NLMK;60;04.01.2023;130000;114.1000000;114.1600000;113.2200000;113.6000000;576360
NLMK;60;04.01.2023;140000;113.6000000;113.6600000;113.1000000;113.4400000;200490
NLMK;60;04.01.2023;150000;113.4600000;113.5000000;113.0400000;113.1600000;253340
NLMK;60;04.01.2023;160000;113.1600000;113.2400000;112.1200000;112.2600000;1110110
NLMK;60;04.01.2023;170000;112.2600000;112.4000000;111.8200000;112.2200000;871390
NLMK;60;04.01.2023;180000;112.2200000;112.4400000;112.1200000;112.3000000;307420
NLMK;60;04.01.2023;190000;112.2800000;112.6000000;112.2200000;112.6000000;181530
NLMK;60;04.01.2023;200000;112.4400000;112.6600000;112.3600000;112.5000000;120670
NLMK;60;04.01.2023;210000;112.5400000;112.5600000;112.3800000;112.4200000;37640
NLMK;60;04.01.2023;220000;112.4200000;112.4600000;112.2800000;112.3800000;51220
NLMK;60;04.01.2023;230000;112.4000000;112.4200000;112.3400000;112.3800000;44340
NLMK;60;05.01.2023;0;112.3800000;112.4200000;112.3400000;112.3400000;29850
NLMK;60;05.01.2023;110000;112.3000000;112.3400000;111.3000000;111.4800000;417730
NLMK;60;05.01.2023;120000;111.5000000;111.5800000;110.8800000;111.3000000;412210
NLMK;60;05.01.2023;130000;111.2800000;112.4200000;111.2200000;111.7600000;337920
NLMK;60;05.01.2023;140000;111.7600000;112.2200000;111.7200000;112.1800000;82100
NLMK;60;05.01.2023;150000;112.1800000;112.3000000;112.0200000;112.0400000;100390
NLMK;60;05.01.2023;160000;112.0400000;112.2600000;112.0200000;112.1600000;85480
NLMK;60;05.01.2023;170000;112.1600000;112.4800000;111.6400000;112.2400000;284860
NLMK;60;05.01.2023;180000;112.2400000;112.4800000;112.0400000;112.4600000;114170
NLMK;60;05.01.2023;190000;112.4600000;112.6600000;112.0400000;112.0400000;254240
NLMK;60;05.01.2023;200000;112.1000000;112.3800000;112.1000000;112.1800000;59800
NLMK;60;05.01.2023;210000;112.1800000;112.1800000;112.0200000;112.0400000;30500
NLMK;60;05.01.2023;220000;112.0400000;112.2200000;112.0400000;112.2200000;25260
NLMK;60;05.01.2023;230000;112.2200000;112.3800000;112.2200000;112.3400000;39370
NLMK;60;06.01.2023;0;112.3400000;112.3600000;112.0000000;112.0600000;56860
NLMK;60;06.01.2023;110000;112.1400000;112.5000000;111.4000000;111.8400000;506600
NLMK;60;06.01.2023;120000;111.8400000;112.0000000;111.7000000;111.8400000;108930
NLMK;60;06.01.2023;130000;111.8800000;112.0000000;111.7000000;111.9800000;56780
NLMK;60;06.01.2023;140000;111.9800000;112.2000000;111.8600000;111.9600000;80260
NLMK;60;06.01.2023;150000;111.9400000;112.1800000;111.8200000;111.8400000;107570
NLMK;60;06.01.2023;160000;111.9000000;112.0000000;111.8400000;112.0000000;46130
NLMK;60;06.01.2023;170000;111.9600000;112.1600000;111.7000000;111.7200000;157210
NLMK;60;06.01.2023;180000;111.7400000;111.8000000;111.5200000;111.6000000;314360
NLMK;60;06.01.2023;190000;111.6000000;111.6000000;111.1800000;111.1800000;292700
NLMK;60;06.01.2023;200000;111.3600000;111.3800000;111.2400000;111.3800000;46090
NLMK;60;06.01.2023;210000;111.3800000;111.5800000;111.3000000;111.4600000;37060
NLMK;60;06.01.2023;220000;111.4600000;111.5000000;111.3400000;111.3600000;38850
NLMK;60;06.01.2023;230000;111.4000000;111.5400000;111.4000000;111.4800000;43810
NLMK;60;07.01.2023;0;111.4800000;111.5000000;111.3000000;111.3400000;61490
NLMK;60;09.01.2023;110000;111.9200000;112.1400000;111.2200000;112.1400000;412490
NLMK;60;09.01.2023;120000;112.1400000;112.3800000;111.9000000;112.2200000;255510
NLMK;60;09.01.2023;130000;112.2000000;112.2800000;111.5400000;111.9000000;364140
NLMK;60;09.01.2023;140000;111.8600000;111.9200000;111.3400000;111.6400000;313510
NLMK;60;09.01.2023;150000;111.6400000;111.7800000;111.0400000;111.3800000;597620
NLMK;60;09.01.2023;160000;111.3800000;111.6400000;111.2000000;111.3000000;251700
NLMK;60;09.01.2023;170000;111.3000000;111.4600000;111.0800000;111.1200000;215480
NLMK;60;09.01.2023;180000;111.1000000;111.3400000;111.0400000;111.1800000;245600
NLMK;60;09.01.2023;190000;111.1400000;111.2000000;109.7800000;110.4200000;1379730
NLMK;60;09.01.2023;200000;110.1400000;110.4200000;109.9600000;110.3600000;151090
NLMK;60;09.01.2023;210000;110.3400000;110.3400000;110.0200000;110.0600000;167800
NLMK;60;09.01.2023;220000;110.0800000;110.4000000;110.0800000;110.3600000;94440
NLMK;60;09.01.2023;230000;110.3600000;110.5800000;110.3200000;110.5600000;89200
NLMK;60;10.01.2023;0;110.5600000;110.7400000;110.3600000;110.4000000;95660
NLMK;60;10.01.2023;110000;109.9400000;110.1800000;109.6000000;109.6600000;372980
NLMK;60;10.01.2023;120000;109.6400000;109.7000000;108.9200000;108.9800000;587060
NLMK;60;10.01.2023;130000;108.9400000;109.5000000;108.9400000;109.1000000;359980
NLMK;60;10.01.2023;140000;109.1000000;109.5800000;109.0200000;109.2200000;285230
NLMK;60;10.01.2023;150000;109.2200000;109.2400000;109.0000000;109.0200000;284620
NLMK;60;10.01.2023;160000;109.0200000;109.2400000;108.6400000;108.8000000;458400
NLMK;60;10.01.2023;170000;108.8000000;109.2000000;108.8000000;109.0000000;391380
NLMK;60;10.01.2023;180000;109.0200000;109.1200000;108.8400000;108.9200000;308530
NLMK;60;10.01.2023;190000;108.9200000;109.2400000;108.9200000;109.1400000;126600
NLMK;60;10.01.2023;200000;109.1400000;109.1400000;108.9800000;109.1200000;59330
NLMK;60;10.01.2023;210000;109.1200000;109.2200000;109.0200000;109.2200000;55870
NLMK;60;10.01.2023;220000;109.2200000;109.5000000;109.2000000;109.4400000;134720
NLMK;60;10.01.2023;230000;109.4400000;109.5800000;109.3600000;109.5000000;99520
NLMK;60;11.01.2023;0;109.5000000;109.5400000;109.0200000;109.2200000;80050
NLMK;60;11.01.2023;110000;109.0000000;110.0000000;109.0000000;109.8200000;399870
NLMK;60;11.01.2023;120000;109.8400000;110.3800000;109.8000000;110.2000000;407800
NLMK;60;11.01.2023;130000;110.2000000;110.2000000;109.7600000;110.1400000;312840
NLMK;60;11.01.2023;140000;110.1600000;110.3200000;109.9000000;110.2200000;237180
NLMK;60;11.01.2023;150000;110.1800000;110.7400000;110.1800000;110.5600000;386340
NLMK;60;11.01.2023;160000;110.5600000;110.8600000;110.3800000;110.8200000;154580
NLMK;60;11.01.2023;170000;110.8600000;111.0000000;110.7200000;110.9200000;163470
NLMK;60;11.01.2023;180000;110.9200000;111.1000000;110.8200000;111.0200000;205060
NLMK;60;11.01.2023;190000;111.0200000;111.5000000;111.0000000;111.5000000;330270
NLMK;60;11.01.2023;200000;111.6000000;111.6000000;111.2600000;111.2800000;125940
NLMK;60;11.01.2023;210000;111.3000000;111.4800000;111.1200000;111.4800000;91520
NLMK;60;11.01.2023;220000;111.4800000;112.2800000;111.2600000;111.7600000;278810
NLMK;60;11.01.2023;230000;111.7600000;112.2600000;111.7000000;112.0800000;236460
NLMK;60;12.01.2023;0;112.0800000;112.2200000;112.0200000;112.1000000;126060
NLMK;60;12.01.2023;110000;112.1400000;112.1400000;110.2200000;111.1200000;643620
NLMK;60;12.01.2023;120000;111.1000000;112.2600000;111.0800000;111.6200000;234740
NLMK;60;12.01.2023;130000;111.6200000;111.8400000;111.5800000;111.6200000;57630
NLMK;60;12.01.2023;140000;111.6000000;112.2000000;111.6000000;111.9000000;150600
NLMK;60;12.01.2023;150000;111.9000000;112.4000000;111.7400000;112.0600000;196480
NLMK;60;12.01.2023;160000;112.0600000;112.2600000;111.7600000;112.0400000;103910
NLMK;60;12.01.2023;170000;112.0000000;112.2000000;111.8400000;112.1600000;161080
NLMK;60;12.01.2023;180000;112.1800000;112.1800000;111.5000000;111.5000000;267020
NLMK;60;12.01.2023;190000;111.5000000;111.6800000;111.1400000;111.1400000;289830
NLMK;60;12.01.2023;200000;111.2000000;111.7800000;111.1600000;111.6000000;90230
NLMK;60;12.01.2023;210000;111.6000000;111.6400000;111.5000000;111.5600000;30560
NLMK;60;12.01.2023;220000;111.5600000;111.6000000;111.4000000;111.4800000;29540
NLMK;60;12.01.2023;230000;111.4800000;111.7000000;111.4800000;111.7000000;34950
NLMK;60;13.01.2023;0;111.6200000;111.7000000;111.4400000;111.5000000;31450
NLMK;60;13.01.2023;110000;111.4000000;111.7000000;110.7000000;111.4200000;238570
NLMK;60;13.01.2023;120000;111.4200000;111.6200000;111.1200000;111.5800000;179420
NLMK;60;13.01.2023;130000;111.5800000;112.0000000;111.5200000;111.7200000;184040
NLMK;60;13.01.2023;140000;111.7000000;112.1200000;111.6600000;112.0200000;103940
NLMK;60;13.01.2023;150000;112.0200000;112.1000000;111.4800000;111.6400000;225980
NLMK;60;13.01.2023;160000;111.6400000;111.9000000;111.4000000;111.7200000;163920
NLMK;60;13.01.2023;170000;111.7200000;112.2000000;111.7200000;112.0400000;260980
NLMK;60;13.01.2023;180000;112.0400000;112.1400000;111.8600000;112.1000000;191740
NLMK;60;13.01.2023;190000;112.0800000;112.1800000;111.8800000;112.1800000;171100
NLMK;60;13.01.2023;200000;112.1600000;112.1600000;111.7400000;111.9400000;52710
NLMK;60;13.01.2023;210000;111.9600000;112.0200000;111.9000000;111.9800000;30830
NLMK;60;13.01.2023;220000;112.0200000;112.3000000;111.9800000;112.0000000;99450
NLMK;60;13.01.2023;230000;112.0000000;112.1600000;111.9000000;112.0600000;48950
NLMK;60;14.01.2023;0;112.0600000;112.2600000;112.0600000;112.1600000;51920
NLMK;60;16.01.2023;110000;112.2800000;113.3000000;112.2800000;113.0800000;622910
NLMK;60;16.01.2023;120000;113.0600000;113.5800000;112.9000000;113.4400000;445750
NLMK;60;16.01.2023;130000;113.4400000;113.8400000;113.2400000;113.8000000;379600
NLMK;60;16.01.2023;140000;113.8000000;113.9000000;113.2400000;113.3200000;599580
NLMK;60;16.01.2023;150000;113.3400000;113.3800000;113.2000000;113.3800000;506220
NLMK;60;16.01.2023;160000;113.3800000;113.3800000;113.3000000;113.3600000;119410
NLMK;60;16.01.2023;170000;113.3600000;113.8000000;113.3200000;113.7000000;359090
NLMK;60;16.01.2023;180000;113.7000000;113.9000000;113.6000000;113.8600000;285080
NLMK;60;16.01.2023;190000;113.8600000;114.4800000;113.7400000;114.4800000;622690
NLMK;60;16.01.2023;200000;114.2800000;114.3800000;113.9800000;114.2400000;201060
NLMK;60;16.01.2023;210000;114.2400000;114.2800000;113.9000000;114.0800000;91070
NLMK;60;16.01.2023;220000;114.0800000;114.1200000;113.9800000;114.0800000;36390
NLMK;60;16.01.2023;230000;114.0600000;114.2000000;114.0200000;114.1800000;52140
NLMK;60;17.01.2023;0;114.1800000;114.3000000;114.1200000;114.3000000;31080
NLMK;60;17.01.2023;110000;114.3400000;114.5200000;113.4000000;114.0000000;508840
NLMK;60;17.01.2023;120000;114.0000000;114.1000000;112.0000000;112.5200000;1103890
NLMK;60;17.01.2023;130000;112.5200000;113.6600000;112.1800000;113.6200000;568820
NLMK;60;17.01.2023;140000;113.6000000;113.6800000;113.0000000;113.5600000;246760
NLMK;60;17.01.2023;150000;113.6400000;113.6400000;113.4000000;113.6200000;57060
NLMK;60;17.01.2023;160000;113.6200000;113.8200000;113.4400000;113.6800000;120220
NLMK;60;17.01.2023;170000;113.6400000;113.8000000;113.2000000;113.3000000;113030
NLMK;60;17.01.2023;180000;113.3200000;113.4200000;113.0200000;113.0200000;223980
NLMK;60;17.01.2023;190000;113.0200000;113.0600000;112.1400000;112.1400000;676290
NLMK;60;17.01.2023;200000;112.1800000;112.3600000;111.5000000;111.7200000;510870
NLMK;60;17.01.2023;210000;111.7000000;112.0400000;111.7000000;111.9800000;112530
NLMK;60;17.01.2023;220000;111.9800000;112.1400000;111.9000000;111.9200000;60580
NLMK;60;17.01.2023;230000;111.9200000;112.1000000;111.5000000;111.5600000;159760
NLMK;60;18.01.2023;0;111.5600000;112.0000000;111.0000000;111.3800000;281360
NLMK;60;18.01.2023;110000;111.3200000;112.1000000;110.8400000;111.9400000;468250
NLMK;60;18.01.2023;120000;111.9600000;112.6400000;111.5600000;112.1800000;501650
NLMK;60;18.01.2023;130000;112.1200000;112.4600000;111.7200000;111.7600000;162940
NLMK;60;18.01.2023;140000;111.7800000;112.3200000;111.7600000;112.3000000;133260
NLMK;60;18.01.2023;150000;112.3000000;112.6400000;112.2800000;112.6400000;218940
NLMK;60;18.01.2023;160000;112.6400000;113.1800000;112.6000000;113.1800000;311860
NLMK;60;18.01.2023;170000;113.1800000;113.3000000;112.7400000;112.9200000;221390
NLMK;60;18.01.2023;180000;112.9000000;112.9400000;112.3400000;112.4200000;327670
NLMK;60;18.01.2023;190000;112.4200000;112.5800000;111.4600000;111.4600000;488690
NLMK;60;18.01.2023;200000;111.6400000;111.7600000;111.5400000;111.6200000;196600
NLMK;60;18.01.2023;210000;111.6800000;111.6800000;111.5800000;111.6000000;57670
NLMK;60;18.01.2023;220000;111.6000000;111.6000000;111.4000000;111.4800000;77710
NLMK;60;18.01.2023;230000;111.4600000;111.6800000;111.3600000;111.5200000;64400
NLMK;60;19.01.2023;0;111.5000000;111.6000000;111.4400000;111.5400000;21800
NLMK;60;19.01.2023;110000;111.4600000;112.1200000;111.2800000;112.0600000;440090
NLMK;60;19.01.2023;120000;112.0000000;112.4600000;111.0000000;111.3200000;634060
NLMK;60;19.01.2023;130000;111.3200000;111.3600000;110.5800000;111.2200000;387680
NLMK;60;19.01.2023;140000;111.2400000;111.7600000;111.1400000;111.2400000;195530
NLMK;60;19.01.2023;150000;111.2400000;111.5200000;111.0200000;111.1600000;125120
NLMK;60;19.01.2023;160000;111.1600000;111.4600000;111.0000000;111.0000000;158420
NLMK;60;19.01.2023;170000;111.0000000;111.2200000;110.8400000;111.1800000;101570
NLMK;60;19.01.2023;180000;111.2000000;111.4000000;111.0200000;111.3800000;120030
NLMK;60;19.01.2023;190000;111.3400000;111.8000000;111.0600000;111.8000000;348200
NLMK;60;19.01.2023;200000;111.5200000;111.8000000;111.3400000;111.4400000;56030
NLMK;60;19.01.2023;210000;111.4000000;111.5800000;111.2600000;111.2600000;30360
NLMK;60;19.01.2023;220000;111.2600000;111.5800000;111.2400000;111.5000000;73520
NLMK;60;19.01.2023;230000;111.5000000;111.8000000;111.3200000;111.6600000;85480
NLMK;60;20.01.2023;0;111.6400000;111.7400000;111.5000000;111.5000000;30220
NLMK;60;20.01.2023;110000;111.8200000;112.2800000;110.8800000;111.2400000;426590
NLMK;60;20.01.2023;120000;111.2600000;112.0000000;111.1200000;111.6800000;157500
NLMK;60;20.01.2023;130000;111.7000000;111.7600000;111.1800000;111.3200000;128680
NLMK;60;20.01.2023;140000;111.3200000;111.6600000;111.1200000;111.2600000;89540
NLMK;60;20.01.2023;150000;111.2800000;112.1400000;111.0000000;111.7400000;242670
NLMK;60;20.01.2023;160000;111.7400000;111.7400000;111.2000000;111.4000000;157410
NLMK;60;20.01.2023;170000;111.4400000;111.6000000;111.3000000;111.6000000;75270
NLMK;60;20.01.2023;180000;111.6000000;111.9200000;111.5000000;111.8400000;72700
NLMK;60;20.01.2023;190000;111.8400000;112.1800000;111.4400000;111.4400000;222920
NLMK;60;20.01.2023;200000;111.5000000;111.7800000;111.4000000;111.6400000;57790
NLMK;60;20.01.2023;210000;111.6800000;111.7800000;111.5800000;111.6600000;18770
NLMK;60;20.01.2023;220000;111.6600000;111.8600000;111.3000000;111.7200000;75090
NLMK;60;20.01.2023;230000;111.7200000;111.8200000;111.6600000;111.8000000;24250
NLMK;60;21.01.2023;0;111.8000000;112.0000000;111.6400000;111.9800000;69740
NLMK;60;23.01.2023;110000;112.2800000;112.4600000;111.2800000;111.8400000;353580
NLMK;60;23.01.2023;120000;111.8400000;112.4000000;111.5600000;111.7600000;178380
NLMK;60;23.01.2023;130000;111.7400000;111.9600000;111.5400000;111.7000000;123890
NLMK;60;23.01.2023;140000;111.6800000;111.8000000;111.6000000;111.6600000;80660
NLMK;60;23.01.2023;150000;111.6600000;111.9000000;111.6000000;111.7400000;93880
NLMK;60;23.01.2023;160000;111.7400000;111.9600000;111.7000000;111.8200000;124520
NLMK;60;23.01.2023;170000;111.8400000;111.9600000;111.5000000;111.6000000;120050
NLMK;60;23.01.2023;180000;111.6000000;112.0000000;111.5800000;112.0000000;143010
NLMK;60;23.01.2023;190000;112.0000000;112.2400000;111.7800000;112.2400000;212600
NLMK;60;23.01.2023;200000;112.1400000;112.2400000;111.9400000;112.1600000;63870
NLMK;60;23.01.2023;210000;112.0800000;112.2400000;112.0000000;112.0400000;24170
NLMK;60;23.01.2023;220000;112.0800000;112.1200000;112.0200000;112.0800000;9610
NLMK;60;23.01.2023;230000;112.0600000;112.2200000;112.0000000;112.0600000;35860
NLMK;60;24.01.2023;0;112.0200000;112.2000000;111.9600000;112.0200000;29600
NLMK;60;24.01.2023;110000;112.0000000;112.8000000;111.9600000;112.5800000;370680
NLMK;60;24.01.2023;120000;112.5200000;112.6200000;112.3000000;112.3400000;101530
NLMK;60;24.01.2023;130000;112.3400000;112.4200000;111.6200000;111.6800000;204100
NLMK;60;24.01.2023;140000;111.6800000;111.9600000;111.0800000;111.3400000;284280
NLMK;60;24.01.2023;150000;111.3600000;111.5600000;111.1800000;111.2400000;146550
NLMK;60;24.01.2023;160000;111.2400000;111.8200000;111.2400000;111.8000000;103600
NLMK;60;24.01.2023;170000;111.7800000;111.7800000;111.5000000;111.7000000;159930
NLMK;60;24.01.2023;180000;111.7000000;111.7600000;111.3000000;111.3400000;57070
NLMK;60;24.01.2023;190000;111.3800000;111.4200000;111.2000000;111.2000000;151650
NLMK;60;24.01.2023;200000;111.2000000;111.4000000;111.1400000;111.2600000;45870
NLMK;60;24.01.2023;210000;111.2600000;111.4000000;111.2000000;111.3600000;29130
NLMK;60;24.01.2023;220000;111.3600000;111.6200000;111.1800000;111.1800000;60440
NLMK;60;24.01.2023;230000;111.2000000;111.4200000;111.1800000;111.4200000;32740
NLMK;60;25.01.2023;0;111.4000000;111.4600000;111.2400000;111.2600000;21530
NLMK;60;25.01.2023;110000;111.2600000;111.4600000;110.7200000;111.2400000;423320
NLMK;60;25.01.2023;120000;111.2600000;111.4600000;111.1000000;111.4200000;112090
NLMK;60;25.01.2023;130000;111.4200000;111.7800000;111.3200000;111.4400000;135940
NLMK;60;25.01.2023;140000;111.4000000;111.9200000;111.2600000;111.7000000;173860
NLMK;60;25.01.2023;150000;111.7600000;111.8800000;111.5800000;111.7400000;65410
NLMK;60;25.01.2023;160000;111.7600000;112.1000000;111.6200000;111.9600000;190910
NLMK;60;25.01.2023;170000;111.9800000;112.0600000;111.6600000;111.9000000;129720
NLMK;60;25.01.2023;180000;111.9000000;112.0000000;111.2800000;111.4200000;125790
NLMK;60;25.01.2023;190000;111.4000000;111.6800000;111.2000000;111.2000000;156780
NLMK;60;25.01.2023;200000;111.4000000;111.4600000;111.2200000;111.4600000;39140
NLMK;60;25.01.2023;210000;111.4400000;111.6200000;111.4000000;111.6000000;25490
NLMK;60;25.01.2023;220000;111.6000000;111.8000000;111.5200000;111.8000000;42060
NLMK;60;25.01.2023;230000;111.7800000;111.8000000;111.4200000;111.5600000;50000
NLMK;60;26.01.2023;0;111.5600000;111.7400000;111.5600000;111.6400000;21740
NLMK;60;26.01.2023;110000;111.9000000;112.0000000;111.3800000;111.6400000;318560
NLMK;60;26.01.2023;120000;111.6400000;112.0800000;111.6400000;111.9000000;148410
NLMK;60;26.01.2023;130000;111.9000000;112.0000000;111.5000000;111.6000000;144100
NLMK;60;26.01.2023;140000;111.6400000;111.8800000;111.4400000;111.7000000;57280
NLMK;60;26.01.2023;150000;111.7000000;111.7000000;111.3000000;111.3000000;95650
NLMK;60;26.01.2023;160000;111.3200000;111.5200000;111.2600000;111.2600000;84310
NLMK;60;26.01.2023;170000;111.2600000;111.9800000;111.2400000;111.9200000;169850
NLMK;60;26.01.2023;180000;111.9200000;112.1000000;111.8400000;111.9000000;270760
NLMK;60;26.01.2023;190000;111.8800000;112.2000000;111.8000000;112.2000000;145010
NLMK;60;26.01.2023;200000;111.9400000;112.2400000;111.9400000;112.1400000;40990
NLMK;60;26.01.2023;210000;112.1200000;113.1600000;112.0200000;112.6600000;290340
NLMK;60;26.01.2023;220000;112.6800000;112.7200000;112.3400000;112.4000000;50530
NLMK;60;26.01.2023;230000;112.4000000;112.4600000;112.2600000;112.4200000;27910
NLMK;60;27.01.2023;0;112.4200000;112.7200000;112.3600000;112.3600000;28970
NLMK;60;27.01.2023;110000;112.5000000;113.4800000;112.2200000;112.8400000;502230
NLMK;60;27.01.2023;120000;112.8600000;113.3000000;112.8000000;112.9600000;153780
NLMK;60;27.01.2023;130000;113.0200000;113.2800000;113.0000000;113.1400000;74450
NLMK;60;27.01.2023;140000;113.1200000;113.2000000;112.8600000;112.9400000;93000
NLMK;60;27.01.2023;150000;113.0000000;113.3000000;112.8800000;113.2800000;101500
NLMK;60;27.01.2023;160000;113.2800000;113.9800000;113.2400000;113.5800000;433640
NLMK;60;27.01.2023;170000;113.5600000;113.7800000;113.4400000;113.6600000;241200
NLMK;60;27.01.2023;180000;113.6600000;113.8200000;113.6600000;113.8200000;213980
NLMK;60;27.01.2023;190000;113.8200000;113.9400000;113.7000000;113.9400000;227860
NLMK;60;27.01.2023;200000;113.8400000;113.9000000;113.6400000;113.6400000;36170
NLMK;60;27.01.2023;210000;113.6600000;113.7000000;113.5000000;113.6000000;46190
NLMK;60;27.01.2023;220000;113.6200000;113.6600000;113.3400000;113.5200000;41680
NLMK;60;27.01.2023;230000;113.5200000;113.7000000;113.4000000;113.5400000;55100
NLMK;60;28.01.2023;0;113.5400000;113.8200000;113.4800000;113.7600000;64710
NLMK;60;30.01.2023;110000;113.8400000;114.4000000;113.7800000;114.0600000;572640
NLMK;60;30.01.2023;120000;114.0600000;114.1600000;114.0000000;114.0800000;234350
NLMK;60;30.01.2023;130000;114.0800000;114.4400000;114.0000000;114.0200000;294360
NLMK;60;30.01.2023;140000;114.0200000;114.9000000;114.0000000;114.5000000;628420
NLMK;60;30.01.2023;150000;114.5000000;114.6400000;114.3600000;114.4200000;104240
NLMK;60;30.01.2023;160000;114.4200000;114.7600000;114.4000000;114.6000000;118740
NLMK;60;30.01.2023;170000;114.5400000;115.2800000;114.4400000;114.8800000;369140
NLMK;60;30.01.2023;180000;114.9000000;115.3800000;114.8800000;115.2600000;219960
NLMK;60;30.01.2023;190000;115.3000000;115.3200000;114.8800000;114.8800000;144670
NLMK;60;30.01.2023;200000;114.9200000;115.1800000;114.6600000;114.8000000;68250
NLMK;60;30.01.2023;210000;114.8000000;114.9200000;114.7000000;114.9200000;30830
NLMK;60;30.01.2023;220000;114.8800000;115.0000000;114.8400000;114.9800000;53200
NLMK;60;30.01.2023;230000;114.9800000;115.1400000;114.9600000;115.1200000;70250
NLMK;60;31.01.2023;0;115.1200000;115.2000000;115.0400000;115.1600000;98890
NLMK;60;31.01.2023;110000;115.2200000;116.3000000;114.8000000;116.1600000;636670
NLMK;60;31.01.2023;120000;116.1600000;116.1600000;115.5000000;115.5200000;333020
NLMK;60;31.01.2023;130000;115.5000000;116.1400000;115.5000000;116.1400000;265250
NLMK;60;31.01.2023;140000;116.1200000;116.1400000;115.5400000;115.6000000;210090
NLMK;60;31.01.2023;150000;115.6000000;116.0200000;115.5400000;115.9400000;93570
NLMK;60;31.01.2023;160000;115.9400000;116.1600000;115.8000000;116.1600000;198530
NLMK;60;31.01.2023;170000;116.1600000;116.7200000;116.0200000;116.5600000;317350
NLMK;60;31.01.2023;180000;116.5600000;116.7800000;116.3000000;116.5800000;179900
NLMK;60;31.01.2023;190000;116.6000000;116.9800000;116.3800000;116.9800000;359650
NLMK;60;31.01.2023;200000;116.9800000;116.9800000;116.3400000;116.4800000;124130
NLMK;60;31.01.2023;210000;116.4800000;116.8000000;116.4600000;116.4800000;49120
NLMK;60;31.01.2023;220000;116.5400000;116.8000000;116.5000000;116.7800000;47530
NLMK;60;31.01.2023;230000;116.7800000;116.9200000;116.6000000;116.8400000;46640
NLMK;60;01.02.2023;0;116.8000000;116.9200000;116.7200000;116.8000000;51610
NLMK;60;01.02.2023;110000;116.8400000;117.6800000;116.5000000;117.6000000;493410
NLMK;60;01.02.2023;120000;117.6400000;118.7800000;117.6000000;118.4800000;743200
NLMK;60;01.02.2023;130000;118.4800000;118.7600000;118.1200000;118.7400000;307500
NLMK;60;01.02.2023;140000;118.7600000;119.2800000;118.5000000;119.2200000;488380
NLMK;60;01.02.2023;150000;119.2200000;120.0000000;118.6200000;118.7000000;1375540
NLMK;60;01.02.2023;160000;118.7000000;119.0800000;118.2400000;118.6000000;432650
NLMK;60;01.02.2023;170000;118.6200000;119.2600000;118.6000000;119.0200000;290600
NLMK;60;01.02.2023;180000;119.0800000;119.1800000;118.3000000;118.6600000;366430
NLMK;60;01.02.2023;190000;118.6000000;119.0200000;118.6000000;119.0200000;139040
NLMK;60;01.02.2023;200000;119.5600000;119.5600000;118.5600000;118.7200000;117310
NLMK;60;01.02.2023;210000;118.6600000;118.7200000;118.2600000;118.3000000;74530
NLMK;60;01.02.2023;220000;118.3200000;118.3400000;117.8200000;118.0200000;162910
NLMK;60;01.02.2023;230000;118.0400000;118.6000000;117.8200000;118.5000000;131240
NLMK;60;02.02.2023;0;118.4600000;119.1000000;118.4600000;118.9600000;83490
NLMK;60;02.02.2023;110000;119.7600000;119.7800000;118.3200000;118.3400000;372610
NLMK;60;02.02.2023;120000;118.3400000;118.7200000;118.0000000;118.5800000;290230
NLMK;60;02.02.2023;130000;118.5600000;120.4000000;118.5400000;120.3000000;853000
NLMK;60;02.02.2023;140000;120.3000000;120.5000000;119.8600000;120.1800000;1205320
NLMK;60;02.02.2023;150000;120.1400000;120.4000000;119.8000000;120.3000000;542400
NLMK;60;02.02.2023;160000;120.3000000;120.3400000;120.0400000;120.2000000;281830
NLMK;60;02.02.2023;170000;120.2000000;120.2000000;120.0000000;120.0200000;246550
